{
  "kpis": {
    "total": 397716,
    "n_cambiar": 348615,
    "n_no": 49101,
    "pct_cambiar": 87.65,
    "pct_no": 12.35
  },
  "barrios": {
    "barrios": [
      "VILLA DEL ROSARIO",
      "LA LIBERTAD",
      "URBA PLAYA",
      "UNIVERSAL",
      "BELLARENA",
      "VILLA DEL CARMEN",
      "URBANIZACIÓN LA LUZ",
      "SIAPE",
      "LOS LAURELES",
      "BETHANIA",
      "VILLA NUEVA",
      "CDELA DE LA SALUD",
      "NUEVA COLOMBIA",
      "C. DE VILLATE",
      "LA CHINITA",
      "PRIMERO DE MAYO",
      "BARLOVENTO",
      "LA LUZ",
      "SINAI",
      "VILLA VALERY"
    ],
    "pct": [
      96.8,
      96.9,
      96.9,
      96.9,
      96.9,
      97.0,
      97.3,
      97.4,
      97.5,
      97.6,
      97.6,
      97.7,
      98.2,
      98.5,
      98.6,
      98.6,
      99.0,
      99.4,
      99.4,
      100.0
    ]
  },
  "promedio_de_consumo_real": {
    "0": {
      "min": 0.0,
      "q1": 3.71,
      "median": 7.43,
      "q3": 12.5,
      "max": 142.0,
      "mean": 11.01,
      "name": "No Cambiar (0)"
    },
    "1": {
      "min": 0.0,
      "q1": 3.0,
      "median": 7.83,
      "q3": 13.02,
      "max": 51.5,
      "mean": 9.32,
      "name": "Cambiar (1)"
    }
  },
  "deterioro_del_consumo": {
    "0": {
      "min": 0.0,
      "q1": 0.0,
      "median": 0.0,
      "q3": 0.0,
      "max": 19.0,
      "mean": 1.99,
      "name": "No Cambiar (0)"
    },
    "1": {
      "min": -518.89,
      "q1": -14.4,
      "median": 0.0,
      "q3": 33.0,
      "max": 100.0,
      "mean": -2.6,
      "name": "Cambiar (1)"
    }
  },
  "edad_hist": {
    "0": {
      "x": [
        0.5,
        1.5,
        2.5,
        3.5,
        4.5,
        5.5,
        6.5,
        7.5,
        8.5,
        9.5,
        10.5,
        11.5,
        12.5,
        13.5,
        14.5,
        15.5,
        16.5,
        17.5,
        18.5,
        19.5,
        20.5,
        21.5,
        22.5,
        23.5,
        24.5,
        25.5,
        26.5,
        27.5,
        28.5,
        29.5,
        30.5,
        31.5,
        32.5,
        33.5,
        34.5,
        35.5
      ],
      "y": [
        0.28264,
        0.36158,
        0.08368,
        0.13279,
        0.12572,
        0.00994,
        0.00041,
        0.00045,
        0.00049,
        0.00037,
        0.00026,
        0.00014,
        0.00029,
        0.00022,
        0.00026,
        0.00024,
        0.0002,
        0.00012,
        0.0,
        6e-05,
        4e-05,
        2e-05,
        0.0,
        2e-05,
        0.0,
        0.0,
        0.0,
        0.0,
        0.0,
        0.0,
        4e-05,
        0.0,
        0.0,
        0.0,
        0.0,
        0.0
      ],
      "name": "No Cambiar (0)"
    },
    "1": {
      "x": [
        0.5,
        1.5,
        2.5,
        3.5,
        4.5,
        5.5,
        6.5,
        7.5,
        8.5,
        9.5,
        10.5,
        11.5,
        12.5,
        13.5,
        14.5,
        15.5,
        16.5,
        17.5,
        18.5,
        19.5,
        20.5,
        21.5,
        22.5,
        23.5,
        24.5,
        25.5,
        26.5,
        27.5,
        28.5,
        29.5,
        30.5,
        31.5,
        32.5,
        33.5,
        34.5,
        35.5
      ],
      "y": [
        0.10447,
        0.05356,
        0.04256,
        0.04085,
        0.03618,
        0.0582,
        0.0649,
        0.06793,
        0.06978,
        0.06959,
        0.05441,
        0.04866,
        0.05143,
        0.05168,
        0.04166,
        0.04132,
        0.03704,
        0.01112,
        0.00712,
        0.01428,
        0.01242,
        0.00424,
        0.00131,
        0.00269,
        0.00167,
        0.00172,
        0.00169,
        0.00111,
        0.00108,
        0.00171,
        0.00343,
        0.0,
        0.0,
        0.00018,
        0.0,
        0.0
      ],
      "name": "Cambiar (1)"
    }
  },
  "tecnologia": {
    "tecnologias": [
      "Medidor estático",
      "Medidor mecánico",
      "No registra"
    ],
    "pct_0": [
      59.4,
      0.0,
      0.0
    ],
    "pct_1": [
      40.6,
      100.0,
      100.0
    ]
  },
  "marcas": {
    "marcas": [
      "MEDIDOR ELECTROMAGNETICO DE 1/2\"",
      "MACROMEDIDOR ULTRASÓNICO DE 4\" BRIDADO",
      "C - SENSUS ELECTROMAGNETICO",
      "MEDIDOR ELECTROMAGNETICO DE 3/4\"",
      "MEDIDOR ULTRASONICO 2\" 2.0",
      "MEDIDOR ULTRASONICO 4\" 2.0",
      "C - MEDIDOR ULTRASONICO HIDRUS DE 3\" BULK 2.0",
      "MEDIDOR ELECTROMAGNETICO DE 1\"",
      "SIEMENS",
      "MEDIDOR ULTRASONICO 3\"",
      "MEDIDOR ELECTROMAGNETICO DE 1-1/2",
      "MACROMEDIDOR ULTRASÓNICO DE 3\" BRIDADO",
      "HIDRUS ULTRASONICO",
      "MEDIDOR ELECTROMAGNETICO SENSUS DE 1/2\"",
      "MIG. TEMPORAL",
      "CONTAGUA",
      "DESCONOCIDO",
      "C - MEDIDOR VOL. SAPPEL DE 1/2\" ALTAIR",
      "AQUAFORJAS",
      "MEDIDOR VOL. SAPPEL DE 1/2\" ALTAIR",
      "SAPPEL CHORRO UNICO",
      "KENT",
      "ELSTER",
      "IBERCONTA",
      "MEDIDOR CH/UNICO WATERTECH DE 1/2¿ VENUS",
      "C-MEDIDOR VOL. SAPPEL DE 1/2\" ALTAIR",
      "C- MEDIDOR ULTRASONICO HIDRUS DE 6'BULK 2.0",
      "C - VENUS CHORRO UNICO",
      "CP - SIEMENS",
      "AWA",
      "AQUADIS",
      "A.B.B",
      "MEDIDOR CH/UNICO SIRIUS DE 1/2\" R-315",
      "LIANLI",
      "MACROMEDIDOR SAPPEL DE 2\"",
      "MACROMEDIDOR SAPPEL DE 3\"",
      "LAO",
      "DESCAL",
      "DEL-U",
      "H. MEINECKE",
      "C - MEDIDOR CH/UNICO SIRIUS DE 1/2",
      "B-METERS",
      "AYCHITOKE",
      "C - SAPPEL MECANICO",
      "MEDIDOR ELECTROMAGNETICO SENSUS DE 3/4\"",
      "MEDIDOR SAPPEL DE 3/4\" ALTAIR DE DIEHL",
      "MEDIDOR CH/UNICO WATERTECH DE 1/2Â¿ VENUS",
      "MEDIDOR ELECTROMAGNETICO SENSUS DE 1\"",
      "Med. Centroaguas PDR",
      "MEDIDOR OCTAVE 6\"",
      "SAPPEL WESAN",
      "SAPPEL-CORONA",
      "SOCAM",
      "TAVIRA",
      "TCL",
      "VOL > 1/2\" SAPPEL"
    ],
    "pct": [
      42.8,
      42.9,
      49.7,
      52.4,
      56.6,
      57.1,
      57.1,
      65.7,
      66.7,
      68.6,
      68.8,
      70.7,
      71.4,
      92.0,
      99.7,
      99.7,
      99.9,
      99.9,
      99.9,
      99.9,
      99.9,
      100.0,
      100.0,
      100.0,
      100.0,
      100.0,
      100.0,
      100.0,
      100.0,
      100.0,
      100.0,
      100.0,
      100.0,
      100.0,
      100.0,
      100.0,
      100.0,
      100.0,
      100.0,
      100.0,
      100.0,
      100.0,
      100.0,
      100.0,
      100.0,
      100.0,
      100.0,
      100.0,
      100.0,
      100.0,
      100.0,
      100.0,
      100.0,
      100.0,
      100.0,
      100.0
    ]
  }
}